eff,effnew
0.6407257986921228,0.6555636932040287
0.6431665065605643,0.6700699194187233
0.6450454806508491,0.6842109566547055
0.6431665065605643,0.6979613220898708
0.6450454806508491,0.7112978005249238
0.6419409319614592,0.7241996962862263
0.6407257986921228,0.7366490470165282
